wavelength,calculation,BB,WL
600.7870565169055,1.3121107691562791e-10,5.699272672500135e-11,3.3556970217447e-10
797.7592330516177,1.036567737884075e-10,4.473244194045186e-11,2.3772429206896676e-10
1104.2603460488665,8.763510476840116e-11,2.184266190997172e-11,0.0
1269.8757405420727,8.357047654671252e-11,2.1178694139809418e-11,0.0
1669.6587785486527,4.168400615417336e-11,8.869777825293626e-12,0.0
1890.0527792263565,3.720147167818415e-11,7.247203961454227e-12,0.0
