wavelength,calculation,BB,WL
600.7870565169055,1.312110769156279e-10,3.995348126274913e-10,3.3556970217447e-10
797.7592330516177,1.0365677378840749e-10,3.413394103295021e-10,2.3772429206896676e-10
1104.2603460488665,8.763510476840116e-11,2.0161504124614757e-10,0.0
1269.8757405420727,8.357047654671252e-11,2.3455309661733074e-10,0.0
1669.6587785486527,4.1684006154173365e-11,1.7820160638310888e-10,0.0
1890.0527792263565,3.7201471678184156e-11,2.7485406913543353e-10,0.0
