wavelength,calculation,BB,WL
600.7870565169055,1.3121107691562786e-10,1.504637794798012e-10,3.3556970217447e-10
797.7592330516177,1.036567737884075e-10,1.2189317609805996e-10,2.3772429206896676e-10
1104.2603460488665,8.763510476840116e-11,6.200468314190682e-11,0.0
1269.8757405420727,8.357047654671251e-11,6.635791383812873e-11,0.0
1669.6587785486527,4.168400615417336e-11,3.9818010947968646e-11,0.0
1890.0527792263565,3.720147167818415e-11,5.2457829820199486e-11,0.0
